,author,field
0,rkKMIwMAAAAJ,Computer Science
1,TgGwQNIAAAAJ,Computer Science
2,2PgLUpcAAAAJ,Agricultural and Biological Sciences
3,nTNXHiQAAAAJ,Agricultural and Biological Sciences
4,T8rNctUAAAAJ,Economics Econometrics and Finance
5,Hp_oX8gAAAAJ,Mechanical Engineering
6,tEi4TUQAAAAJ,Biochemistry Genetics and Molecular Biology
7,temOz2oAAAAJ,Health Professions
8,HWZAg3kAAAAJ,Physics and Astronomy
9,4P0zlyMAAAAJ,Electrical and Electronic Engineering
10,lN8KAigAAAAJ,Electrical and Electronic Engineering
11,pdqs_asAAAAJ,Computer Science
12,Yv3jCQkAAAAJ,Business Management and Accounting
13,f_JXWlMAAAAJ,Medicine
14,gjy2X4IAAAAJ,Medicine
15,k5kdH_oAAAAJ,Computer Science
16,1Hq20YIAAAAJ,Earth and Planetary Sciences
17,SWgD6vUAAAAJ,Agricultural and Biological Sciences
18,d4b7yiAAAAAJ,Agricultural and Biological Sciences
19,G8UvRUoAAAAJ,Materials Science
20,NQklxTsAAAAJ,Agricultural and Biological Sciences
21,s1EaPWMAAAAJ,Materials Science
22,hROyBlQAAAAJ,Agricultural and Biological Sciences
23,1iXhFlAAAAAJ,Social Sciences
24,-rcrP3gAAAAJ,Social Sciences
25,s9jzOw0AAAAJ,Social Sciences
26,RwTJeYMAAAAJ,Business Management and Accounting
27,yRt1qhgAAAAJ,Social Sciences
28,R1xiGW0AAAAJ,Building and Construction
29,kLu60RkAAAAJ,Computer Science
30,qb82-CIAAAAJ,Biochemistry Genetics and Molecular Biology
31,zfngGSkAAAAJ,Computer Science
32,Y4mReV4AAAAJ,Computer Science
33,Jd2Jp0wAAAAJ,Computer Science
34,WMA2-iQAAAAJ,Computer Science
35,lXpBbiEAAAAJ,Computer Science
36,h55SR68AAAAJ,Computer Science
37,laljImoAAAAJ,Chemical Engineering
38,zfW6nsMAAAAJ,Chemical Engineering
39,tFOqbZsAAAAJ,Biochemistry Genetics and Molecular Biology
40,bja9Op4AAAAJ,Chemical Engineering
41,g5hVhuQAAAAJ,Chemical Engineering
42,Cm5UegUAAAAJ,Biochemistry Genetics and Molecular Biology
43,-6reht8AAAAJ,Psychology
44,cPCHycsAAAAJ,Social Sciences
45,aFNUxNIAAAAJ,Psychology
46,TxjxrnUAAAAJ,Psychology
47,AD0WdbgAAAAJ,Social Sciences
48,6-C8WyIAAAAJ,Social Sciences
49,INTiP24AAAAJ,Social Sciences
50,AELT_0kAAAAJ,Social Sciences
51,n07X8FoAAAAJ,Agricultural and Biological Sciences
52,8R2H1LAAAAAJ,Neuroscience
53,lWjexuQAAAAJ,Neuroscience
54,_HD2h-gAAAAJ,Mathematics
55,iA8BzaoAAAAJ,Biochemistry Genetics and Molecular Biology
56,I3_igNUAAAAJ,Electrical and Electronic Engineering
57,cUX65NsAAAAJ,Agricultural and Biological Sciences
58,-b-tzzgAAAAJ,Agricultural and Biological Sciences
59,hjgJXSEAAAAJ,Agricultural and Biological Sciences
60,t2ZEe1MAAAAJ,Computer Science
61,00OfeX4AAAAJ,Computer Science
62,IcazmfEAAAAJ,Social Sciences
63,ILP0h40AAAAJ,Economics Econometrics and Finance
64,vxG8oc4AAAAJ,Agricultural and Biological Sciences
65,z6uGtv4AAAAJ,Health Professions
66,NIBYxpIAAAAJ,Health Professions
67,6ZmSKjcAAAAJ,Neuroscience
68,B9DU7cIAAAAJ,Agricultural and Biological Sciences
69,BByKtkUAAAAJ,Immunology and Microbiology
70,S8mtOroAAAAJ,Physics and Astronomy
71,-i0BbDgAAAAJ,Media Technology
72,eWMHaQcAAAAJ,Electrical and Electronic Engineering
73,FOfDj5gAAAAJ,Electrical and Electronic Engineering
74,GJc3JzMAAAAJ,Electrical and Electronic Engineering
75,GInxaQUAAAAJ,Computer Science
76,lkT2r3UAAAAJ,Physics and Astronomy
77,ceGQ1ooAAAAJ,Electrical and Electronic Engineering
78,5oUwcGYAAAAJ,Arts and Humanities
79,6RUayRoAAAAJ,Psychology
80,YySlI2oAAAAJ,Earth and Planetary Sciences
81,pHPMVQkAAAAJ,Computer Science
82,J9R-MZkAAAAJ,Computer Science
83,OKecIfAAAAAJ,Computer Science
84,c-x9ytwAAAAJ,Earth and Planetary Sciences
85,_CZQQZgAAAAJ,Earth and Planetary Sciences
86,paz29H4AAAAJ,Computer Science
87,vhU9_aEAAAAJ,Computer Science
88,paFR9XYAAAAJ,Computer Science
89,20ew2kUAAAAJ,Computer Science
90,xF9Mof4AAAAJ,Pharmacology Toxicology and Pharmaceutics
91,6627qGUAAAAJ,Computer Science
92,ycIwxqsAAAAJ,Computer Science
93,15K4f7oAAAAJ,Computer Science
94,WBdK5bAAAAAJ,Computer Science
95,goLa1gIAAAAJ,Chemical Engineering
96,P8Ntr1oAAAAJ,Business Management and Accounting
97,iQ17HxkAAAAJ,Materials Science
98,kGMW_ZcAAAAJ,Dentistry
99,lOEvh9oAAAAJ,Dentistry
100,9M6asXEAAAAJ,Media Technology
101,BVmnUEMAAAAJ,Computer Science
102,lx5ISykAAAAJ,Arts and Humanities
103,Redr2DYAAAAJ,Arts and Humanities
104,MpxV6kIAAAAJ,Chemical Engineering
105,lsIB6jkAAAAJ,Pharmacology Toxicology and Pharmaceutics
106,7VU50uQAAAAJ,Physics and Astronomy
107,XOqiOE0AAAAJ,Chemistry
108,hqTNZcMAAAAJ,Physics and Astronomy
109,953mB8MAAAAJ,Energy
110,pmewxdIAAAAJ,Materials Science
111,vPiYS0UAAAAJ,Materials Science
112,cx6B-cUAAAAJ,Physics and Astronomy
113,41juELQAAAAJ,Materials Science
114,Cp0mfk0AAAAJ,Physics and Astronomy
115,AzKCpZoAAAAJ,Computer Science
116,7zYfAVoAAAAJ,Physics and Astronomy
117,7_4rt1wAAAAJ,Physics and Astronomy
118,jNumE2gAAAAJ,Physics and Astronomy
119,YPBNyA4AAAAJ,Economics Econometrics and Finance
120,jF-6ARMAAAAJ,Computer Science
121,wzH0c00AAAAJ,Physics and Astronomy
122,vK1XhWMAAAAJ,Chemical Engineering
123,_SqUc8wAAAAJ,Immunology and Microbiology
124,hDrkjr0AAAAJ,Chemical Engineering
125,8vuc6rIAAAAJ,Agricultural and Biological Sciences
126,fzwVZpwAAAAJ,Agricultural and Biological Sciences
127,1pBHrJcAAAAJ,Agricultural and Biological Sciences
128,zsptDjcAAAAJ,Agricultural and Biological Sciences
129,gqY7NB0AAAAJ,Agricultural and Biological Sciences
130,en7_34wAAAAJ,Energy
131,_JY3ZOsAAAAJ,Immunology and Microbiology
132,myeJkeUAAAAJ,Computer Science
133,uQSwjI4AAAAJ,Electrical and Electronic Engineering
134,IFIaOZsAAAAJ,Neuroscience
135,yLB0rKoAAAAJ,Social Sciences
136,BFpo-IEAAAAJ,Social Sciences
137,mPebGoUAAAAJ,Social Sciences
138,QZBn-qwAAAAJ,Social Sciences
139,SYMKKZQAAAAJ,Social Sciences
140,GCgHuJYAAAAJ,Agricultural and Biological Sciences
141,v-A1OTUAAAAJ,Earth and Planetary Sciences
142,V68iDqYAAAAJ,Arts and Humanities
143,SXpFbfIAAAAJ,Earth and Planetary Sciences
144,Cr8bD8EAAAAJ,Materials Science
145,7nKXQR0AAAAJ,Physics and Astronomy
146,RbFdzwQAAAAJ,Building and Construction
147,qe7PKV0AAAAJ,Mechanical Engineering
148,ZDJpqEYAAAAJ,Computer Science
149,qfXdupIAAAAJ,Energy
150,nC74YmEAAAAJ,Electrical and Electronic Engineering
151,wJPG3kUAAAAJ,Materials Science
152,EkthdMgAAAAJ,Agricultural and Biological Sciences
153,7X3r_ywAAAAJ,Agricultural and Biological Sciences
154,-ICX0DAAAAAJ,Chemical Engineering
155,kZRPFycAAAAJ,Physics and Astronomy
156,oS-geygAAAAJ,Environmental Science
157,UYT_bcYAAAAJ,Mathematics
158,qkJddEcAAAAJ,Environmental Science
159,p_TbU6EAAAAJ,Mathematics
160,r4ryek0AAAAJ,Agricultural and Biological Sciences
161,EmSQyasAAAAJ,Chemical Engineering
162,709il6EAAAAJ,Computer Science
163,KKFw8QYAAAAJ,Economics Econometrics and Finance
164,WZL9MPEAAAAJ,Computer Science
165,ZsszgbAAAAAJ,Business Management and Accounting
166,BX3Cvf0AAAAJ,Mathematics
167,Xl8ecyQAAAAJ,Economics Econometrics and Finance
168,4LCK7s4AAAAJ,Mathematics
169,fS2bgPIAAAAJ,Economics Econometrics and Finance
170,0rXtpMoAAAAJ,Economics Econometrics and Finance
171,MKzfHnIAAAAJ,Economics Econometrics and Finance
172,OJ4PAkkAAAAJ,Mechanical Engineering
173,3aONHwMAAAAJ,Medicine
174,Y2AMRwEAAAAJ,Computer Science
175,cQUT9bAAAAAJ,Computer Science
176,jqhLkgkAAAAJ,Computer Science
177,ZdxNkuAAAAAJ,Computer Science
178,z24F3PYAAAAJ,Immunology and Microbiology
179,HN0SitcAAAAJ,Arts and Humanities
180,LJ7OYnMAAAAJ,Psychology
181,Ee5LMXYAAAAJ,Social Sciences
182,WOzBiRkAAAAJ,Social Sciences
183,Ry_MT9YAAAAJ,Business Management and Accounting
184,aW3k5WMAAAAJ,Social Sciences
185,s4FyAlQAAAAJ,Environmental Science
186,0Tbgx3UAAAAJ,Computer Science
187,RPtcTp8AAAAJ,Electrical and Electronic Engineering
188,g8rT4AwAAAAJ,Immunology and Microbiology
189,JPH1hf8AAAAJ,Arts and Humanities
190,z3gKYVsAAAAJ,Computer Science
191,YYPytGcAAAAJ,Computer Science
192,80XXO58AAAAJ,Media Technology
193,9BefrjQAAAAJ,Media Technology
194,pzBf11IAAAAJ,Computer Science
195,2z4ecEEAAAAJ,Computer Science
196,50MLi5oAAAAJ,Energy
197,4_ypbWcAAAAJ,Social Sciences
198,EXRlwC4AAAAJ,Psychology
199,hJFivmcAAAAJ,Medicine
200,QKkyg2YAAAAJ,Pharmacology Toxicology and Pharmaceutics
201,CU_7WrYAAAAJ,Agricultural and Biological Sciences
202,-e_5bl8AAAAJ,Biochemistry Genetics and Molecular Biology
203,xnfkrDgAAAAJ,Agricultural and Biological Sciences
204,R-1X6vQAAAAJ,Agricultural and Biological Sciences
205,EJRgVyIAAAAJ,Agricultural and Biological Sciences
206,uNXJbIsAAAAJ,Agricultural and Biological Sciences
207,8Vf5sRcAAAAJ,Electrical and Electronic Engineering
208,njN9VcoAAAAJ,Computer Science
209,BFs5gBoAAAAJ,Computer Science
210,QUMFvj8AAAAJ,Social Sciences
211,XOJ4y_gAAAAJ,Biomedical Engineering
212,ZZBlHKkAAAAJ,Biomedical Engineering
213,sci4SeAAAAAJ,Mechanical Engineering
214,DpnqEb4AAAAJ,Mechanical Engineering
215,3gm4WswAAAAJ,Energy
216,EbtESEoAAAAJ,Energy
217,rDsUhVkAAAAJ,Mathematics
218,6WlLRoYAAAAJ,Computer Science
219,F41MSDYAAAAJ,Computer Science
220,IKE3uM4AAAAJ,Biochemistry Genetics and Molecular Biology
221,bpEYdUoAAAAJ,Arts and Humanities
222,jMuE9csAAAAJ,Social Sciences
223,bU62axIAAAAJ,Computer Science
224,mNTPb0kAAAAJ,Psychology
225,qiaoIGYAAAAJ,Psychology
226,AHRVwSoAAAAJ,Health Professions
227,z3OmTNYAAAAJ,Social Sciences
228,oMq2SPIAAAAJ,
229,bXuQ42EAAAAJ,Agricultural and Biological Sciences
230,SVNo6V8AAAAJ,Psychology
231,86NAYFsAAAAJ,Computer Science
232,2vo62sIAAAAJ,Computer Science
233,aZA2pGQAAAAJ,Computer Science
234,u2xJXXgAAAAJ,Psychology
235,80JFCkwAAAAJ,Medicine
236,lTdLZy0AAAAJ,Psychology
237,XRUWA5QAAAAJ,Physics and Astronomy
238,OdI-J14AAAAJ,Psychology
239,cHDfidIAAAAJ,Computer Science
240,SGs8WtEAAAAJ,Computer Science
241,4BvpysoAAAAJ,Computer Science
242,jCZaWOEAAAAJ,Computer Science
243,t7z7bIEAAAAJ,Computer Science
244,-JNQawgAAAAJ,Computer Science
245,CDGDLp0AAAAJ,Materials Science
246,C4fY0zQAAAAJ,Pharmacology Toxicology and Pharmaceutics
247,Gnz-LOgAAAAJ,Medicine
248,zBpAlHkAAAAJ,Arts and Humanities
249,RJHBEyQAAAAJ,Chemical Engineering
250,OX0P8T8AAAAJ,Biochemistry Genetics and Molecular Biology
251,f4i527AAAAAJ,Biochemistry Genetics and Molecular Biology
252,XEWYY6sAAAAJ,Biochemistry Genetics and Molecular Biology
253,X-zb3UYAAAAJ,Computer Science
254,tZUxMm4AAAAJ,Computer Science
255,TGPVN10AAAAJ,Computer Science
256,PdMO57sAAAAJ,Computer Science
257,L5PdL9MAAAAJ,Computer Science
258,cR4hF6EAAAAJ,Energy
259,JHQk1hcAAAAJ,Energy
260,J16yKCIAAAAJ,Physics and Astronomy
261,QCmt5VcAAAAJ,Physics and Astronomy
262,d3iNRpAAAAAJ,Physics and Astronomy
263,IZwAGIUAAAAJ,Physics and Astronomy
264,cImC570AAAAJ,Energy
265,D82UOVUAAAAJ,Energy
266,1aBH-doAAAAJ,Energy
267,94_3qQoAAAAJ,Agricultural and Biological Sciences
268,2u4YdRAAAAAJ,Agricultural and Biological Sciences
269,DbUo4QYAAAAJ,Agricultural and Biological Sciences
270,7AiEuJ4AAAAJ,Chemical Engineering
271,Os_RpQIAAAAJ,Biochemistry Genetics and Molecular Biology
272,5MAMmEEAAAAJ,Mathematics
273,GvSe6pYAAAAJ,Arts and Humanities
274,7xtc3igAAAAJ,Neuroscience
275,QiWsfOYAAAAJ,Agricultural and Biological Sciences
276,yBzdh_gAAAAJ,Health Professions
277,DJGOdAQAAAAJ,Agricultural and Biological Sciences
278,l1BiM7EAAAAJ,Psychology
279,4bbCeqcAAAAJ,Psychology
280,vBOL20AAAAAJ,Psychology
281,nTCToqYAAAAJ,Computer Science
282,bCQY0jUAAAAJ,Engineering (miscellaneous)
283,XQc0UfUAAAAJ,Environmental Science
284,vihkEFcAAAAJ,Computer Science
285,KPukJmYAAAAJ,Computer Science
286,qUUTnmgAAAAJ,Agricultural and Biological Sciences
287,vj-fgX8AAAAJ,Electrical and Electronic Engineering
288,EYK6AW0AAAAJ,Electrical and Electronic Engineering
289,r4usVVsAAAAJ,Computer Science
290,rbI1PhcAAAAJ,Electrical and Electronic Engineering
291,7jh2ZFgAAAAJ,Medicine
292,7DVvLkYAAAAJ,Immunology and Microbiology
293,ZO1Z6gYAAAAJ,Social Sciences
294,9s1slLcAAAAJ,Arts and Humanities
295,tPNddSUAAAAJ,Physics and Astronomy
296,ZqyEoCgAAAAJ,Physics and Astronomy
297,AaeB4PYAAAAJ,Electrical and Electronic Engineering
298,ERlZLMYAAAAJ,Physics and Astronomy
299,HX-s9LUAAAAJ,Agricultural and Biological Sciences
300,BYYWATIAAAAJ,Biochemistry Genetics and Molecular Biology
301,jpq9RqgAAAAJ,Biochemistry Genetics and Molecular Biology
302,7b1XVecAAAAJ,Medicine
303,oMXnfx8AAAAJ,Mechanical Engineering
304,4kwCpCcAAAAJ,Computer Science
305,iD0POWUAAAAJ,Computer Science
306,zYKpvl4AAAAJ,Computer Science
307,dmQ8YgwAAAAJ,Earth and Planetary Sciences
308,7qiPINEAAAAJ,Computer Science
309,VDohxnoAAAAJ,Computer Science
310,OGyF2qcAAAAJ,Agricultural and Biological Sciences
311,j1Irky4AAAAJ,Chemical Engineering
312,LrhNuDoAAAAJ,Agricultural and Biological Sciences
313,1aKPLbQAAAAJ,Biochemistry Genetics and Molecular Biology
314,UU_hXIgAAAAJ,Agricultural and Biological Sciences
315,cFkq-sAAAAAJ,Biochemistry Genetics and Molecular Biology
316,6jv-SK4AAAAJ,Electrical and Electronic Engineering
317,IUXuuogAAAAJ,Mechanical Engineering
318,HSAa61sAAAAJ,Pharmacology Toxicology and Pharmaceutics
319,SNBVoJoAAAAJ,Immunology and Microbiology
320,6ENrd5QAAAAJ,Social Sciences
321,wLlBT1oAAAAJ,Psychology
322,gvGMlhQAAAAJ,Psychology
323,o0PQa1YAAAAJ,Economics Econometrics and Finance
324,KDQCmdMAAAAJ,Economics Econometrics and Finance
325,pzR4gMcAAAAJ,Economics Econometrics and Finance
326,ct7HNooAAAAJ,Economics Econometrics and Finance
327,SD5IOiAAAAAJ,Physics and Astronomy
328,SeVZ9jQAAAAJ,Physics and Astronomy
329,r-4uZIwAAAAJ,Computer Science
330,01QXWU8AAAAJ,Economics Econometrics and Finance
331,G26LGf0AAAAJ,Computer Science
332,EpnRcjkAAAAJ,Pharmacology Toxicology and Pharmaceutics
333,MgUD7sUAAAAJ,Physics and Astronomy
334,lKB73ZEAAAAJ,Psychology
335,gKAvMPEAAAAJ,Immunology and Microbiology
336,zofbdT4AAAAJ,Immunology and Microbiology
337,ku8ucrgAAAAJ,Biochemistry Genetics and Molecular Biology
338,GVVAQekAAAAJ,Biochemistry Genetics and Molecular Biology
339,IkUPW3wAAAAJ,Medicine
340,vJBAjuIAAAAJ,Pharmacology Toxicology and Pharmaceutics
341,M5qh-U4AAAAJ,Medicine
342,zOyXlOgAAAAJ,Pharmacology Toxicology and Pharmaceutics
343,my4AfZkAAAAJ,Pharmacology Toxicology and Pharmaceutics
344,qkYeidsAAAAJ,Biochemistry Genetics and Molecular Biology
345,loAh7tsAAAAJ,Biochemistry Genetics and Molecular Biology
346,PS_edWIAAAAJ,Computer Science
347,flpa7L4AAAAJ,Computer Science
348,abrKhI4AAAAJ,Chemical Engineering
349,Ljd3pb0AAAAJ,Computer Science
350,1rHjipsAAAAJ,Computer Science
351,li2KvXwAAAAJ,Computer Science
352,LxKc9DcAAAAJ,Computer Science
353,4dIxTCwAAAAJ,Computer Science
354,dlhVYOsAAAAJ,Psychology
355,mHZCBjsAAAAJ,Psychology
356,o_PrQEQAAAAJ,Psychology
357,0DU90TkAAAAJ,Agricultural and Biological Sciences
358,TyJ1jhgAAAAJ,Agricultural and Biological Sciences
359,DR0YqqIAAAAJ,Agricultural and Biological Sciences
360,ozPb3lwAAAAJ,Psychology
361,PLjH9XgAAAAJ,Psychology
362,_pTvS3MAAAAJ,Medicine
363,DQsdGzIAAAAJ,Psychology
364,rPtbHPUAAAAJ,Immunology and Microbiology
365,FFSabNIAAAAJ,Electrical and Electronic Engineering
366,dEhdKCAAAAAJ,Computer Science
367,8SnoIQIAAAAJ,Agricultural and Biological Sciences
368,9Ak0bCAAAAAJ,Agricultural and Biological Sciences
369,z4dzVZMAAAAJ,Agricultural and Biological Sciences
370,ODp_wB8AAAAJ,Physics and Astronomy
371,u2HeHlcAAAAJ,Physics and Astronomy
372,Al0vo7sAAAAJ,Computer Science
373,2RVs23AAAAAJ,Materials Science
374,lIopZK8AAAAJ,Physics and Astronomy
375,jz29Ct0AAAAJ,Physics and Astronomy
376,SQ4LTwMAAAAJ,Agricultural and Biological Sciences
377,a1fehXYAAAAJ,Agricultural and Biological Sciences
378,JIhIfyIAAAAJ,Building and Construction
379,TycoAAUAAAAJ,Medicine
380,EFD4OrIAAAAJ,Computer Science
381,NtAaX80AAAAJ,Biochemistry Genetics and Molecular Biology
382,uK_esCgAAAAJ,Computer Science
383,xTslnM0AAAAJ,Computer Science
384,xHxrDfIAAAAJ,Arts and Humanities
385,kPZYipYAAAAJ,Computer Science
386,tBXN-HkAAAAJ,Computer Science
387,Ts6JtfMAAAAJ,Computer Science
388,zkApqcAAAAAJ,Computer Science
389,5oqVxSsAAAAJ,Mathematics
390,CdDOQgoAAAAJ,Engineering (miscellaneous)
391,BQ7cb_wAAAAJ,Computer Science
392,P7f69D8AAAAJ,Mathematics
393,oQ-2_UgAAAAJ,Computer Science
394,CP-cB3cAAAAJ,Physics and Astronomy
395,vhPSOkEAAAAJ,Computer Science
396,xn0ZcJQAAAAJ,Computer Science
397,NLtwhwYAAAAJ,Computer Science
398,7Ga6PcQAAAAJ,Electrical and Electronic Engineering
399,eyLJLHsAAAAJ,Physics and Astronomy
400,JblQamAAAAAJ,Computer Science
401,UcssT_8AAAAJ,Economics Econometrics and Finance
402,mu1RL9cAAAAJ,Economics Econometrics and Finance
403,fVFe9awAAAAJ,Computer Science
404,UjMP-jIAAAAJ,Computer Science
405,Zyw1en8AAAAJ,Medicine
406,DN3gtFYAAAAJ,Computer Science
407,_nFMOZ8AAAAJ,Computer Science
408,i-zrc9wAAAAJ,Computer Science
409,UmKDIM4AAAAJ,Computer Science
410,adLowHsAAAAJ,Computer Science
411,jzqLZ_wAAAAJ,Neuroscience
412,8vBYfBgAAAAJ,Mathematics
413,XqKOqSMAAAAJ,Computer Science
414,2YRe7-0AAAAJ,Social Sciences
415,CYWO-oAAAAAJ,Control and Systems Engineering
416,WcXt6YQAAAAJ,Computer Science
417,K5XMwe4AAAAJ,Computer Science
418,qV1_cbIAAAAJ,Computer Science
419,_gtRaNsAAAAJ,Computer Science
420,tKCYoHsAAAAJ,Computer Science
421,fiYbAFcAAAAJ,Computer Science
422,HAiWj9AAAAAJ,Electrical and Electronic Engineering
423,KvOkV30AAAAJ,Neuroscience
424,vokhg0YAAAAJ,Mathematics
425,5jF79ygAAAAJ,Materials Science
426,q4sarjoAAAAJ,Computer Science
427,-m_qYQMAAAAJ,Computer Science
428,kSCDzAkAAAAJ,Medicine
429,w5-o-AQAAAAJ,Neuroscience
430,Wx4ptTIAAAAJ,Physics and Astronomy
431,oXzwoYcAAAAJ,Medicine
432,e1Fuxb8AAAAJ,Economics Econometrics and Finance
433,D-RRe7kAAAAJ,Agricultural and Biological Sciences
434,RlKK_WkAAAAJ,Chemical Engineering
435,v2WY2AgAAAAJ,Chemical Engineering
436,Bw58J8AAAAAJ,Computer Science
437,tM9jhUUAAAAJ,Neuroscience
438,1XCeE1YAAAAJ,Agricultural and Biological Sciences
439,FdtCWbAAAAAJ,Agricultural and Biological Sciences
440,hxHbaN0AAAAJ,Computer Science
441,DbQOz-oAAAAJ,Computer Science
442,VN2LvXIAAAAJ,Social Sciences
443,cCQtPuoAAAAJ,Social Sciences
444,Pv0uUr8AAAAJ,Psychology
445,7YIiCJoAAAAJ,Computer Science
446,7l-RlHoAAAAJ,Agricultural and Biological Sciences
447,fkX4WFoAAAAJ,Computer Science
448,opGRfdoAAAAJ,Computer Science
449,Qogm8i0AAAAJ,Economics Econometrics and Finance
450,aQhDgGEAAAAJ,Neuroscience
451,SyJcDoUAAAAJ,Chemical Engineering
452,HumZpaIAAAAJ,Biochemistry Genetics and Molecular Biology
453,1lGeIqYAAAAJ,Computer Science
454,YZ-5C8EAAAAJ,Arts and Humanities
455,RmvbkzYAAAAJ,Computer Science
456,UHkodEQAAAAJ,Neuroscience
457,TKUBXukAAAAJ,Psychology
458,NqYcEnEAAAAJ,Computer Science
459,YBwfbEQAAAAJ,Computer Science
460,FTK7ytcAAAAJ,Computer Science
461,1ksNBpsAAAAJ,Physics and Astronomy
462,IRmzB8IAAAAJ,Mechanical Engineering
463,rQHJ67UAAAAJ,Computer Science
464,lczmoUAAAAAJ,
465,oHRPDwcAAAAJ,Social Sciences
466,S9TnmKoAAAAJ,Neuroscience
467,VNpZfu0AAAAJ,Energy
468,A_jbACgAAAAJ,Computer Science
469,OSvhpfgAAAAJ,Immunology and Microbiology
470,t2bSpiMAAAAJ,Computer Science
471,P9JQOi8AAAAJ,Agricultural and Biological Sciences
472,iKu-z_MAAAAJ,Psychology
473,fuEaIRgAAAAJ,
474,ZJWYr5YAAAAJ,Business Management and Accounting
475,fFP4b9kAAAAJ,Computer Science
476,T5gUScQAAAAJ,Computer Science
477,-RtoeJYAAAAJ,Mathematics
478,xUCnNRsAAAAJ,Social Sciences
479,9USDCdcAAAAJ,
480,Z3jU6mQAAAAJ,Computer Science
481,PvXdwaYAAAAJ,Mathematics
482,GwNIARcAAAAJ,Business Management and Accounting
483,xZK7tQYAAAAJ,Agricultural and Biological Sciences
484,_3mnobEAAAAJ,Computer Science
485,rJLevJAAAAAJ,
486,xfskSZEAAAAJ,Computer Science
487,vTC9TSQAAAAJ,Computer Science
488,mlt7uksAAAAJ,Computer Science
489,vMSe7LkAAAAJ,Physics and Astronomy
490,cPWyRk8AAAAJ,Computer Science
491,yplv734AAAAJ,Computer Science
492,xhp8aXsAAAAJ,Medicine
493,2O0vLx8AAAAJ,Medicine
494,e0In0ogAAAAJ,Computer Science
495,4qpsN-cAAAAJ,Business Management and Accounting
496,BEdAPmUAAAAJ,Physics and Astronomy
497,4ftCkeQAAAAJ,Computer Science
498,H_ICOW4AAAAJ,Control and Systems Engineering
499,nyUoJk0AAAAJ,Computer Science
500,TNoA6ZMAAAAJ,Computer Science
501,NOkIEUwAAAAJ,Physics and Astronomy
502,4K4nki8AAAAJ,Electrical and Electronic Engineering
503,_lbKlCkAAAAJ,Materials Science
504,Ut0d1ZEAAAAJ,Business Management and Accounting
505,ly_7p5UAAAAJ,Social Sciences
506,31WoEBEAAAAJ,Computer Science
507,nB4aBVwAAAAJ,Psychology
508,f39SKIkAAAAJ,Social Sciences
509,WX6utqYAAAAJ,Agricultural and Biological Sciences
510,syXGyG8AAAAJ,Agricultural and Biological Sciences
511,X5wZCE8AAAAJ,Computer Science
512,IsiGZesAAAAJ,Computer Science
513,sdSjnhwAAAAJ,Control and Systems Engineering
514,zv9seLwAAAAJ,Materials Science
515,zPKz1b0AAAAJ,Electrical and Electronic Engineering
516,g41kOsEAAAAJ,Medicine
517,N76CQZ0AAAAJ,Materials Science
518,Kq5dV_UAAAAJ,Electrical and Electronic Engineering
519,k-ppAw8AAAAJ,Psychology
520,4Onx7zgAAAAJ,Biochemistry Genetics and Molecular Biology
521,ZGMMpZgAAAAJ,Computer Science
522,qR2p8-0AAAAJ,Computer Science
523,dOcZb1IAAAAJ,Health Professions
524,YnaPigYAAAAJ,Economics Econometrics and Finance
525,rcW8mi0AAAAJ,Computer Science
526,B-4nchgAAAAJ,Computer Science
527,KnFonD0AAAAJ,Economics Econometrics and Finance
528,KJs3XswAAAAJ,Computer Science
529,BjO8kXQAAAAJ,Agricultural and Biological Sciences
530,mRCDVqgAAAAJ,Computer Science
531,96pR-j0AAAAJ,Computer Science
532,VwigByUAAAAJ,Mathematics
533,0T5cVDoAAAAJ,Psychology
534,zkA61soAAAAJ,Computer Science
535,MY73lpwAAAAJ,Agricultural and Biological Sciences
536,uLux_zgAAAAJ,Social Sciences
537,WzckvtAAAAAJ,Medicine
538,Ka-FHBQAAAAJ,Computer Science
539,t3R1ZLgAAAAJ,Computer Science
540,CujCxdYAAAAJ,Computer Science
541,D3Z_4SUAAAAJ,Agricultural and Biological Sciences
542,ncCN8kQAAAAJ,Biochemistry Genetics and Molecular Biology
543,16UHKXcAAAAJ,Biochemistry Genetics and Molecular Biology
544,3mGx0eoAAAAJ,
545,HkaEi3MAAAAJ,Computer Science
546,KwjkWPAAAAAJ,Chemistry
547,k6JrBF8AAAAJ,Computer Science
548,GwJXHYEAAAAJ,Agricultural and Biological Sciences
549,vyrC0lwAAAAJ,Building and Construction
550,DF7aOYMAAAAJ,Agricultural and Biological Sciences
551,WOizM1MAAAAJ,Materials Science
552,CD_34gwAAAAJ,Computer Science
553,-JAkXiMAAAAJ,Neuroscience
554,_CVUWwYAAAAJ,Agricultural and Biological Sciences
555,b361_owAAAAJ,Agricultural and Biological Sciences
556,_WR8CLcAAAAJ,Media Technology
557,0WqCq6AAAAAJ,Electrical and Electronic Engineering
558,6tMY6D4AAAAJ,Physics and Astronomy
559,vdegcWUAAAAJ,Computer Science
560,ZrHprvsAAAAJ,Psychology
561,Kqe30hwAAAAJ,Chemistry
562,Il4YCsQAAAAJ,Physics and Astronomy
563,jXChpn8AAAAJ,Physics and Astronomy
564,3WEijrIAAAAJ,Computer Science
565,VtQfg4AAAAAJ,Physics and Astronomy
566,ThG-tbcAAAAJ,Arts and Humanities
567,DoFkJmAAAAAJ,Psychology
568,eiqKPYgAAAAJ,Pharmacology Toxicology and Pharmaceutics
569,eni8-58AAAAJ,Chemical Engineering
570,lRZr_I0AAAAJ,Pharmacology Toxicology and Pharmaceutics
571,aUyYqMMAAAAJ,Energy
572,hPuNmE8AAAAJ,Health Professions
573,DQh7XxYAAAAJ,Biochemistry Genetics and Molecular Biology
574,v5ZUmqkAAAAJ,Agricultural and Biological Sciences
575,ClW5zNoAAAAJ,Physics and Astronomy
576,Pjf1-NEAAAAJ,Agricultural and Biological Sciences
577,kSAel8YAAAAJ,Physics and Astronomy
578,eAfkDsYAAAAJ,Physics and Astronomy
579,KlrYZr0AAAAJ,Social Sciences
580,q3grgWUAAAAJ,Environmental Science
581,eXeLMngAAAAJ,Agricultural and Biological Sciences
582,JNgRAf8AAAAJ,Computer Science
583,pcAmCgYAAAAJ,Agricultural and Biological Sciences
584,t23qk0sAAAAJ,Agricultural and Biological Sciences
585,VjlCVaoAAAAJ,Earth and Planetary Sciences
586,p6XHyuIAAAAJ,Computer Science
587,nhWIv48AAAAJ,
588,v0tvS04AAAAJ,Medicine
589,RzIjQ64AAAAJ,Computer Science
590,meNutdAAAAAJ,Physics and Astronomy
591,lWDzCIkAAAAJ,Computer Science
592,eJ9kV2QAAAAJ,Computer Science
593,CRLwfu0AAAAJ,Mechanical Engineering
594,jR-40QMAAAAJ,Computer Science
595,ilptBWsAAAAJ,Computer Science
596,jnCeP5YAAAAJ,Computer Science
597,R_WNbHAAAAAJ,Computer Science
598,TSkrQ3UAAAAJ,
599,7DhBZhQAAAAJ,Computer Science
600,ifNMFMUAAAAJ,Agricultural and Biological Sciences
601,9YYTId8AAAAJ,Computer Science
602,tgltVIkAAAAJ,Electrical and Electronic Engineering
603,sHCYbNQAAAAJ,Agricultural and Biological Sciences
604,mQOY3ZUAAAAJ,Computer Science
605,DN5XAqgAAAAJ,Medicine
606,MoVjJmoAAAAJ,Social Sciences
607,vnySdRwAAAAJ,Biochemistry Genetics and Molecular Biology
608,8DS_u8EAAAAJ,Arts and Humanities
609,qFIQpEQAAAAJ,Computer Science
610,1gf1OswAAAAJ,Pharmacology Toxicology and Pharmaceutics
611,A4gHKA4AAAAJ,Social Sciences
612,cwI6uLEAAAAJ,Arts and Humanities
613,z6onlZEAAAAJ,Computer Science
614,QdKWU90AAAAJ,Biochemistry Genetics and Molecular Biology
615,3or7PZEAAAAJ,Physics and Astronomy
616,l4XuJl0AAAAJ,Computer Science
617,6U4ixrIAAAAJ,Energy
618,FayBF1AAAAAJ,Computer Science
619,BXTLVhsAAAAJ,Computer Science
620,5lKu31YAAAAJ,Biochemistry Genetics and Molecular Biology
621,q3wIdrIAAAAJ,Mechanical Engineering
622,vYLx5DUAAAAJ,Electrical and Electronic Engineering
623,bYGU_rUAAAAJ,Agricultural and Biological Sciences
624,ExGkzjQAAAAJ,
625,YAmnuTQAAAAJ,Economics Econometrics and Finance
626,o_QzfNkAAAAJ,Mathematics
627,fORvrd8AAAAJ,Psychology
628,WVgBNsgAAAAJ,Business Management and Accounting
629,WR4mhFYAAAAJ,Physics and Astronomy
630,AnRNeFUAAAAJ,Computer Science
631,HR33jAMAAAAJ,Materials Science
632,QwXwK6UAAAAJ,
633,bbaivQUAAAAJ,Mechanical Engineering
634,UVHAPl4AAAAJ,Economics Econometrics and Finance
635,MzwCVzoAAAAJ,Immunology and Microbiology
636,cVcVwewAAAAJ,Social Sciences
637,G4jz6c8AAAAJ,Social Sciences
638,38PlhkcAAAAJ,Agricultural and Biological Sciences
639,h5XtaUUAAAAJ,
640,e8VJ6fEAAAAJ,Physics and Astronomy
641,a3Fy1uAAAAAJ,Chemical Engineering
642,yLwmRjQAAAAJ,Electrical and Electronic Engineering
643,8YU1-hwAAAAJ,Immunology and Microbiology
644,MC3xZQIAAAAJ,Immunology and Microbiology
645,9k5I250AAAAJ,Economics Econometrics and Finance
646,ifiplYwAAAAJ,Physics and Astronomy
647,IJ_5omYAAAAJ,Pharmacology Toxicology and Pharmaceutics
648,Qddh0HcAAAAJ,Physics and Astronomy
649,FvQgWFsAAAAJ,Energy
650,aOuWdWYAAAAJ,Health Professions
651,FLIE9cgAAAAJ,Psychology
652,o5jBgM0AAAAJ,Earth and Planetary Sciences
653,vSISDD8AAAAJ,Agricultural and Biological Sciences
654,lZ0ASREAAAAJ,Computer Science
655,s_T7IuYAAAAJ,Computer Science
656,yfeFFpIAAAAJ,Agricultural and Biological Sciences
657,U_Jw8DUAAAAJ,
658,0GsU6UAAAAAJ,Computer Science
659,YbzI-g4AAAAJ,Physics and Astronomy
660,yAXdVbMAAAAJ,Computer Science
661,npm_S_oAAAAJ,Agricultural and Biological Sciences
662,TSMP1GEAAAAJ,Psychology
663,Fd2Y6s8AAAAJ,Energy
664,XSafxpEAAAAJ,Biochemistry Genetics and Molecular Biology
665,tRq58eYAAAAJ,Computer Science
666,-WDSZfEAAAAJ,Computer Science
667,w36OMOwAAAAJ,Medicine
668,R-fb_kEAAAAJ,Earth and Planetary Sciences
669,Q3VORVUAAAAJ,Earth and Planetary Sciences
670,mOUKztYAAAAJ,Agricultural and Biological Sciences
671,1NvBj_gAAAAJ,Computer Science
672,lWhooTIAAAAJ,Computer Science
673,-1NA7BEAAAAJ,Psychology
674,s-4z35cAAAAJ,Arts and Humanities
675,gYziq3EAAAAJ,Computer Science
676,-l2EUHAAAAAJ,Social Sciences
677,ndU6iOgAAAAJ,Energy
678,idHmFjQAAAAJ,Physics and Astronomy
679,Txv5HmEAAAAJ,Computer Science
680,th7m0eAAAAAJ,Mathematics
681,dpfL0e0AAAAJ,Computer Science
682,QWfa0c4AAAAJ,Mathematics
683,eaPpNH4AAAAJ,Agricultural and Biological Sciences
684,J01jCZMAAAAJ,Electrical and Electronic Engineering
685,Ngr01lsAAAAJ,Biochemistry Genetics and Molecular Biology
686,YESiQv4AAAAJ,Computer Science
687,PpRDLgcAAAAJ,Computer Science
688,mTJLF-sAAAAJ,Computer Science
689,dU7U7-0AAAAJ,Mechanical Engineering
690,uW5tdUQAAAAJ,Computer Science
691,GlctRa0AAAAJ,Computer Science
692,UrHxqS4AAAAJ,Social Sciences
693,c61zP0UAAAAJ,Mathematics
694,ZPixU7kAAAAJ,Computer Science
695,aXFXhGsAAAAJ,Computer Science
696,FCufgjUAAAAJ,Biochemistry Genetics and Molecular Biology
697,rpTySQgAAAAJ,Biochemistry Genetics and Molecular Biology
698,B5UIE1MAAAAJ,Computer Science
699,zJrztlwAAAAJ,Physics and Astronomy
700,Jog_ShUAAAAJ,Electrical and Electronic Engineering
701,_01uvzwAAAAJ,Computer Science
702,OSDki1IAAAAJ,Agricultural and Biological Sciences
703,nUbM7GYAAAAJ,Computer Science
704,RFPgEI0AAAAJ,Agricultural and Biological Sciences
705,NvTp6kUAAAAJ,Computer Science
706,Lh5KX50AAAAJ,Agricultural and Biological Sciences
707,3Kl_9v0AAAAJ,Social Sciences
708,aThv_5UAAAAJ,Computer Science
709,cSQGe3YAAAAJ,Computer Science
710,mR1GK28AAAAJ,Computer Science
711,27taJegAAAAJ,Computer Science
712,yjyylm8AAAAJ,Physics and Astronomy
713,hW3Y7AIAAAAJ,Arts and Humanities
714,Ek1pypsAAAAJ,Building and Construction
715,IF9iMGIAAAAJ,Mechanical Engineering
716,mjpveg8AAAAJ,Energy
717,MJ2PYuAAAAAJ,Arts and Humanities
718,66f90QQAAAAJ,Agricultural and Biological Sciences
719,y0MU8CAAAAAJ,Biomedical Engineering
720,DoAyhP4AAAAJ,Computer Science
721,HTp5S00AAAAJ,Computer Science
722,s8i7LaAAAAAJ,Civil and Structural Engineering
723,jyLYOa4AAAAJ,Computer Science
724,YfMKI0wAAAAJ,Computer Science
725,GNuXi6oAAAAJ,Materials Science
726,uoqzingAAAAJ,Computer Science
727,x_hbaPUAAAAJ,Economics Econometrics and Finance
728,dfAIYPIAAAAJ,Biochemistry Genetics and Molecular Biology
729,ABnt4RQAAAAJ,Computer Science
730,5x2lr20AAAAJ,Computer Science
731,hbhzQ0AAAAAJ,Social Sciences
732,5-hjRsMAAAAJ,Agricultural and Biological Sciences
733,ZgdmrbQAAAAJ,Biochemistry Genetics and Molecular Biology
734,sIBeyPkAAAAJ,Energy
735,YVGApnUAAAAJ,Earth and Planetary Sciences
736,BUwMtQQAAAAJ,Computer Science
737,HxO0UHYAAAAJ,Agricultural and Biological Sciences
738,kA_LLAQAAAAJ,Computer Science
739,VV0qExoAAAAJ,Health Professions
740,9kUV7lUAAAAJ,Biochemistry Genetics and Molecular Biology
741,omHzNE0AAAAJ,Chemical Engineering
742,LEcBhAMAAAAJ,Agricultural and Biological Sciences
743,jDtNbekAAAAJ,Social Sciences
744,KuOZZSAAAAAJ,Chemical Engineering
745,b8ihZ-oAAAAJ,Computer Science
746,VX3Laf8AAAAJ,Biochemistry Genetics and Molecular Biology
747,PWp9YUUAAAAJ,Mathematics
748,c4OlbnYAAAAJ,Pharmacology Toxicology and Pharmaceutics
749,44dP_IwAAAAJ,Environmental Science
750,09ZOjFQAAAAJ,Electrical and Electronic Engineering
751,udvG-kAAAAAJ,Agricultural and Biological Sciences
752,an-NQV4AAAAJ,Computer Science
753,AxEXIxAAAAAJ,Health Professions
754,ErPhGm4AAAAJ,Computer Science
755,7L58djQAAAAJ,Physics and Astronomy
756,RCUIPgMAAAAJ,Computer Science
757,Wrx-9LUAAAAJ,Computer Science
758,mAcmGtcAAAAJ,Arts and Humanities
759,S85jfKMAAAAJ,Arts and Humanities
760,gAAM0ecAAAAJ,Biochemistry Genetics and Molecular Biology
761,5_2cPNEAAAAJ,Agricultural and Biological Sciences
762,apQN670AAAAJ,Computer Science
763,4hYCsx4AAAAJ,Agricultural and Biological Sciences
764,id96GvIAAAAJ,Computer Science
765,sGAKnroAAAAJ,Computer Science
766,Uegr6HoAAAAJ,
767,G-oLZ6wAAAAJ,
768,Y72NbCcAAAAJ,Biochemistry Genetics and Molecular Biology
769,vKP1mmIAAAAJ,Building and Construction
770,hmwNcbIAAAAJ,Computer Science
771,Y9PXAJcAAAAJ,Computer Science
772,Lgtwtk0AAAAJ,Physics and Astronomy
773,W6WKpRUAAAAJ,Physics and Astronomy
774,Z-3j3nwAAAAJ,Environmental Science
775,CMM8xHUAAAAJ,Computer Science
776,8SwnVicAAAAJ,Computer Science
777,XPctSoUAAAAJ,Agricultural and Biological Sciences
778,7aV_SAYAAAAJ,Computer Science
779,2TOJP_AAAAAJ,Computer Science
780,k8Aho-EAAAAJ,Computer Science
781,-laDy4IAAAAJ,Social Sciences
782,36MUIDsAAAAJ,
783,J_Q4sEMAAAAJ,Electrical and Electronic Engineering
784,1fNSkFwAAAAJ,Medicine
785,zvVgLNIAAAAJ,Chemical Engineering
786,t2TQACAAAAAJ,Biochemistry Genetics and Molecular Biology
787,Ni1PhqcAAAAJ,Computer Science
788,QoMBjT4AAAAJ,Computer Science
789,LW1gNSsAAAAJ,Computer Science
790,X7UZxGEAAAAJ,Biochemistry Genetics and Molecular Biology
791,SKztjfoAAAAJ,Agricultural and Biological Sciences
792,XK3JvpAAAAAJ,Economics Econometrics and Finance
793,_ns-lEUAAAAJ,Computer Science
794,7Q4XxHcAAAAJ,Social Sciences
795,GB4gdxEAAAAJ,Physics and Astronomy
796,Wjzs3WoAAAAJ,Social Sciences
797,Hw9ffmsAAAAJ,Immunology and Microbiology
798,LYfxqowAAAAJ,Social Sciences
799,orZYULAAAAAJ,Physics and Astronomy
800,znnv_CMAAAAJ,Computer Science
801,CAN90PcAAAAJ,Materials Science
802,3A_h6-sAAAAJ,Physics and Astronomy
803,D_LI_UQAAAAJ,Physics and Astronomy
804,H-zbVc0AAAAJ,Chemistry
805,t0Her3MAAAAJ,Health Professions
806,vfM6Pi0AAAAJ,Business Management and Accounting
807,96LxAwkAAAAJ,Social Sciences
808,qdkmKX0AAAAJ,Mathematics
809,X9AEByUAAAAJ,Medicine
810,s7YB-J4AAAAJ,Engineering (miscellaneous)
811,BuWaNAkAAAAJ,Biochemistry Genetics and Molecular Biology
812,ypaVX6gAAAAJ,Medicine
813,MPGtydEAAAAJ,Medicine
814,pcxnD7MAAAAJ,Computer Science
815,LaoZWTkAAAAJ,Agricultural and Biological Sciences
816,Bykt44sAAAAJ,Computer Science
817,wHGzTj0AAAAJ,Computer Science
818,HCTygx4AAAAJ,Computer Science
819,QuiuNxYAAAAJ,Biochemistry Genetics and Molecular Biology
820,NuxBg6IAAAAJ,Energy
821,3aM3F7AAAAAJ,Agricultural and Biological Sciences
822,ZjDFiYsAAAAJ,Computer Science
823,OlteRTsAAAAJ,Environmental Science
824,3i0HBScAAAAJ,Computer Science
825,OvZDG24AAAAJ,Medicine
826,4A23D_sAAAAJ,Computer Science
827,q6i-ajMAAAAJ,Computer Science
828,c5ni1jsAAAAJ,Mathematics
829,fuJyjG4AAAAJ,Medicine
830,bVHMU9IAAAAJ,Computer Science
831,G40_W5YAAAAJ,Computer Science
832,ANbNbjYAAAAJ,Computer Science
833,ZCX_KT4AAAAJ,Medicine
834,CL1HC_UAAAAJ,Automotive Engineering
835,l1kIm6MAAAAJ,Computer Science
836,DXOVq_0AAAAJ,Agricultural and Biological Sciences
837,TDHtzHcAAAAJ,Computer Science
838,Zc7z6nIAAAAJ,Computer Science
839,zDqzxC8AAAAJ,Chemical Engineering
840,MBAmAvMAAAAJ,Biochemistry Genetics and Molecular Biology
841,32eNcbAAAAAJ,Computer Science
842,54C4KygAAAAJ,Electrical and Electronic Engineering
843,UXuvS6IAAAAJ,Health Professions
844,KEgbiiwAAAAJ,Immunology and Microbiology
845,DsCT7SwAAAAJ,Agricultural and Biological Sciences
846,4EvK0dsAAAAJ,Social Sciences
847,rCAg83gAAAAJ,Psychology
848,_OObpEkAAAAJ,Computer Science
849,yXKZnXwAAAAJ,Electrical and Electronic Engineering
850,k0g9_egAAAAJ,Social Sciences
851,P59NZz0AAAAJ,Biochemistry Genetics and Molecular Biology
852,xy2Wni4AAAAJ,Mathematics
853,jGUb79MAAAAJ,Mathematics
854,9oqEnUAAAAAJ,Biochemistry Genetics and Molecular Biology
855,lw18-1UAAAAJ,Physics and Astronomy
856,QFbrVyEAAAAJ,Mathematics
857,wZBonZkAAAAJ,
858,pHvuimEAAAAJ,Mathematics
859,1gERmtMAAAAJ,Social Sciences
860,eFCAIjYAAAAJ,Economics Econometrics and Finance
861,lNd1sQMAAAAJ,Economics Econometrics and Finance
862,77zzGxoAAAAJ,Psychology
863,wEiyRYwAAAAJ,Mathematics
864,jsmHzCAAAAAJ,Computer Science
865,mOZcOgMAAAAJ,Computer Science
866,cuJIfwoAAAAJ,Biochemistry Genetics and Molecular Biology
867,KmZVbygAAAAJ,
868,U8R1NaYAAAAJ,Computer Science
869,DTXvzTAAAAAJ,Computer Science
870,eCL9rpUAAAAJ,Neuroscience
871,Iqr7zaQAAAAJ,Computer Science
872,mj_aI2UAAAAJ,Materials Science
873,iknL8KIAAAAJ,Biochemistry Genetics and Molecular Biology
874,z6k76xAAAAAJ,Chemistry
875,dAR7P3IAAAAJ,Computer Science
876,3CrbFjIAAAAJ,Social Sciences
877,PVyJvKQAAAAJ,Medicine
878,qWEmpwEAAAAJ,Chemistry
879,Mw-kt0gAAAAJ,Physics and Astronomy
880,0TS772QAAAAJ,Environmental Science
881,QF4Kgy0AAAAJ,Pharmacology Toxicology and Pharmaceutics
882,oHLjQTEAAAAJ,Computer Science
883,iiHuvP4AAAAJ,Chemical Engineering
884,P2gll_wAAAAJ,
885,cmWwJmsAAAAJ,Computer Science
886,zNzO7a0AAAAJ,Agricultural and Biological Sciences
887,HeoLsqcAAAAJ,Health Professions
888,rgJfjgwAAAAJ,Economics Econometrics and Finance
889,O-1gFdUAAAAJ,Computer Science
890,8VPWdSMAAAAJ,Arts and Humanities
891,y10KTqwAAAAJ,Computer Science
892,sw7Fg2IAAAAJ,Computer Science
893,xoD-YU8AAAAJ,Computer Science
894,IeDXqw8AAAAJ,Medicine
895,B8mVeMMAAAAJ,Environmental Science
896,nUvlCg0AAAAJ,Materials Science
897,7HlDLQMAAAAJ,Computer Science
898,L75sJxAAAAAJ,Computer Science
899,czMNSa8AAAAJ,Arts and Humanities
900,GEQlb4sAAAAJ,Computer Science
901,JphuIkYAAAAJ,Medicine
902,in2vAZ0AAAAJ,Social Sciences
903,KvwV1vUAAAAJ,Computer Science
904,uw7_CQsAAAAJ,Earth and Planetary Sciences
905,JhvA0vcAAAAJ,Neuroscience
906,Yt8lSswAAAAJ,Computer Science
907,RPW-1MwAAAAJ,Computer Science
908,r8tC4LwAAAAJ,Economics Econometrics and Finance
909,66jI6GYAAAAJ,Earth and Planetary Sciences
910,JEChSLgAAAAJ,Computer Science
911,YXqVdjsAAAAJ,Computer Science
912,HPa328YAAAAJ,Electrical and Electronic Engineering
913,nt09Y1kAAAAJ,Physics and Astronomy
914,pCV2bLAAAAAJ,Agricultural and Biological Sciences
915,Cr0_dMoAAAAJ,
916,4zK0MawAAAAJ,Computer Science
917,TiMU6goAAAAJ,Business Management and Accounting
918,1kJusFsAAAAJ,Computer Science
919,i4knu3wAAAAJ,Computer Science
920,p-pzqr8AAAAJ,Energy
921,3MRRFEAAAAAJ,Computer Science
922,4vlYpiYAAAAJ,Computer Science
923,XJHycP8AAAAJ,Mechanical Engineering
924,j6IEEnoAAAAJ,Economics Econometrics and Finance
925,udU754gAAAAJ,Economics Econometrics and Finance
926,dSANyvgAAAAJ,Electrical and Electronic Engineering
927,GwDx9VYAAAAJ,Physics and Astronomy
928,b0EptEUAAAAJ,
929,l9wFs14AAAAJ,Medicine
930,Xk3O7VgAAAAJ,Social Sciences
931,XE9_i6cAAAAJ,Agricultural and Biological Sciences
932,RIJaNC8AAAAJ,Computer Science
933,6viEHYkAAAAJ,Physics and Astronomy
934,iD_DsGoAAAAJ,Computer Science
935,ILKLWXAAAAAJ,Mathematics
936,EPfOJwQAAAAJ,Computer Science
937,asjsv9MAAAAJ,Agricultural and Biological Sciences
938,JO2tx4MAAAAJ,Agricultural and Biological Sciences
939,RwY5ANIAAAAJ,Computer Science
940,y2qDI6IAAAAJ,Computer Science
941,oJcg_60AAAAJ,Medicine
942,7533I0kAAAAJ,
943,m9baaTMAAAAJ,Psychology
944,baUG-LAAAAAJ,Medicine
945,MEc0TowAAAAJ,Computer Science
946,-9smtb4AAAAJ,Computer Science
947,cXz0y-EAAAAJ,Neuroscience
948,VpejDOMAAAAJ,
949,y7hBNpUAAAAJ,Agricultural and Biological Sciences
950,VfwWPVUAAAAJ,Chemical Engineering
951,8P_yMLMAAAAJ,Social Sciences
952,bLG5nKYAAAAJ,Computer Science
953,5x2zSqgAAAAJ,Agricultural and Biological Sciences
954,CdcU--oAAAAJ,Social Sciences
955,h2y93zoAAAAJ,Computer Science
956,n6kAoMgAAAAJ,Computer Science
957,4-1R-bMAAAAJ,Computer Science
958,q1mfIKMAAAAJ,Electrical and Electronic Engineering
959,Kv1hYTwAAAAJ,Computer Science
960,Nk8N2u8AAAAJ,Computer Science
961,IWg7VGIAAAAJ,Computer Science
962,TedZDGQAAAAJ,Materials Science
963,9PR3Hm4AAAAJ,Computer Science
964,BOrL65sAAAAJ,Computer Science
965,xfBx5bIAAAAJ,Earth and Planetary Sciences
966,7or-TpUAAAAJ,Computer Science
967,LVhKmIIAAAAJ,Computer Science
968,F-ucwp4AAAAJ,Computer Science
969,pMlTJX4AAAAJ,Social Sciences
970,u2lhZd8AAAAJ,Computer Science
971,m18d-jwAAAAJ,Mechanical Engineering
972,NotNGQUAAAAJ,Social Sciences
973,rW1FnRwAAAAJ,Biochemistry Genetics and Molecular Biology
974,V9rN6LEAAAAJ,Psychology
975,Kj97CCAAAAAJ,
976,aOHoWTAAAAAJ,Mathematics
977,PJ6pYUwAAAAJ,Computer Science
978,3oXd6T4AAAAJ,Electrical and Electronic Engineering
979,QmbeOvsAAAAJ,
980,hMUOTaoAAAAJ,
981,NDZDftMAAAAJ,Health Professions
982,YYXb3KIAAAAJ,Computer Science
983,ldNItkAAAAAJ,Computer Science
984,3fRqGrwAAAAJ,Biochemistry Genetics and Molecular Biology
985,7X9FrAgAAAAJ,Physics and Astronomy
986,aO3YnC0AAAAJ,Mechanical Engineering
987,gqjiQjAAAAAJ,Mechanical Engineering
988,NzwC_FQAAAAJ,Social Sciences
989,LD8BwmAAAAAJ,
990,hOZp9JEAAAAJ,Social Sciences
991,PM5GTW0AAAAJ,Mathematics
992,UHv5DrEAAAAJ,Computer Science
993,VUj1ZWoAAAAJ,Computer Science
994,zaGriiQAAAAJ,Computer Science
995,FUsEdDwAAAAJ,Agricultural and Biological Sciences
996,UAePgqQAAAAJ,Arts and Humanities
997,T3nRoZ8AAAAJ,Economics Econometrics and Finance
998,QRmZu3oAAAAJ,Agricultural and Biological Sciences
999,V7WdCcsAAAAJ,Medicine
1000,nxSaJkcAAAAJ,Energy
1001,qZAvlZMAAAAJ,Computer Science
1002,BlVL05EAAAAJ,Electrical and Electronic Engineering
1003,lwNCdt8AAAAJ,Medicine
1004,8ThpxYoAAAAJ,Computer Science
1005,yu8-4sEAAAAJ,Health Professions
1006,aCZ1DWwAAAAJ,Biochemistry Genetics and Molecular Biology
1007,JzyKdRUAAAAJ,Computer Science
1008,6oq0krkAAAAJ,Computer Science
1009,MZXXe8UAAAAJ,Computer Science
1010,TB1-6lsAAAAJ,
1011,IGtDE-wAAAAJ,Computer Science
1012,4tNi_J0AAAAJ,Psychology
1013,VCjK1rgAAAAJ,Electrical and Electronic Engineering
1014,Mfd6Qt8AAAAJ,Mechanical Engineering
1015,i5L2k-wAAAAJ,Health Professions
1016,GrNj_rMAAAAJ,Biochemistry Genetics and Molecular Biology
1017,k9x_YsQAAAAJ,Social Sciences
1018,wYIzhN8AAAAJ,Computer Science
1019,ioGHA6EAAAAJ,Agricultural and Biological Sciences
1020,bzJ8c8wAAAAJ,Social Sciences
1021,6eIcpHsAAAAJ,Mechanical Engineering
1022,ChOC6wUAAAAJ,Mathematics
1023,xtSQ-2YAAAAJ,Agricultural and Biological Sciences
1024,7p7WZZoAAAAJ,Arts and Humanities
1025,rpo3keUAAAAJ,Business Management and Accounting
1026,rU_6fE0AAAAJ,Social Sciences
1027,9a6_KPgAAAAJ,Computer Science
1028,xqeDFS8AAAAJ,Social Sciences
1029,iBeQI4UAAAAJ,Computer Science
1030,TJSSe0IAAAAJ,Economics Econometrics and Finance
1031,k5FkRcIAAAAJ,Biochemistry Genetics and Molecular Biology
1032,Nimpr7cAAAAJ,Mechanical Engineering
1033,R7p6oW8AAAAJ,Social Sciences
1034,xIBEzj0AAAAJ,Computer Science
1035,qKyxsuIAAAAJ,Mathematics
1036,rHFW3EAAAAAJ,Mathematics
1037,eQHtYB0AAAAJ,Computer Science
1038,--uDCpYAAAAJ,Computer Science
1039,sPOH-1MAAAAJ,Arts and Humanities
1040,BTwJNiMAAAAJ,Computer Science
1041,tkbxHjsAAAAJ,Social Sciences
1042,8OAzN_AAAAAJ,Immunology and Microbiology
1043,StJKkk0AAAAJ,Computer Science
1044,rDyvR64AAAAJ,Immunology and Microbiology
1045,OkD0HC0AAAAJ,Physics and Astronomy
1046,7sMM9m8AAAAJ,Chemical Engineering
1047,KQyTNrgAAAAJ,Chemical Engineering
1048,Xis0TMUAAAAJ,Agricultural and Biological Sciences
1049,Rt4EgIQAAAAJ,Physics and Astronomy
1050,y6sm7j8AAAAJ,Computer Science
1051,rg5k548AAAAJ,Computer Science
1052,SivTOTcAAAAJ,Computer Science
1053,MChFTh8AAAAJ,Computer Science
1054,-no8EKQAAAAJ,Social Sciences
1055,Ba7jafAAAAAJ,Materials Science
1056,a5ku8hQAAAAJ,
1057,5ot14OMAAAAJ,Computer Science
1058,lS42sowAAAAJ,Health Professions
1059,o-blRdcAAAAJ,Computer Science
1060,dpIu91MAAAAJ,Computer Science
1061,by3EWqIAAAAJ,Computer Science
1062,9v_TRXMAAAAJ,Physics and Astronomy
1063,4r4dJLgAAAAJ,Environmental Science
1064,HOiu9KkAAAAJ,Computer Science
1065,PyuFWkEAAAAJ,Biomedical Engineering
1066,fWmT1GkAAAAJ,
1067,kdHx_BsAAAAJ,
1068,hlToqasAAAAJ,Social Sciences
1069,Nd47tEQAAAAJ,Computer Science
1070,poN-Aa8AAAAJ,Electrical and Electronic Engineering
1071,eaay_HwAAAAJ,Energy
1072,ISfYAZIAAAAJ,Energy
1073,-SmjQhAAAAAJ,Electrical and Electronic Engineering
1074,cue0EzIAAAAJ,Energy
1075,bp-X_bwAAAAJ,Biochemistry Genetics and Molecular Biology
1076,SYvr5bcAAAAJ,Mechanical Engineering
1077,sQ-UdqwAAAAJ,Psychology
1078,LUIfqOoAAAAJ,Immunology and Microbiology
1079,1dEhBVwAAAAJ,Social Sciences
1080,ufMGQ3MAAAAJ,Psychology
1081,Jfg9umEAAAAJ,Computer Science
1082,3SGXEIgAAAAJ,Computer Science
1083,iTBarvUAAAAJ,Computer Science
1084,xx7j3wUAAAAJ,Economics Econometrics and Finance
1085,cYugRuUAAAAJ,Mechanics of Materials
1086,rbBIGUkAAAAJ,Computer Science
1087,7ubqAOIAAAAJ,Computer Science
1088,ynQMunkAAAAJ,Arts and Humanities
1089,NVzn5GQAAAAJ,Industrial and Manufacturing Engineering
1090,85oGswwAAAAJ,
1091,dc2IWLkAAAAJ,Social Sciences
1092,ldaYoVsAAAAJ,Social Sciences
1093,CgIui8AAAAAJ,Computer Science
1094,oatq6DUAAAAJ,Earth and Planetary Sciences
1095,LtTEVuQAAAAJ,Chemical Engineering
1096,hEqmxx8AAAAJ,Economics Econometrics and Finance
1097,UCIt79UAAAAJ,Arts and Humanities
